{
  "rmse": 0.3876113193569758,
  "r2": 0.8119071635298098
}